IGO_A,IGO_B,mandate_similarity,relational_similarity,delta_incongruence,positive_incongruence,high_incongruence
IOC,FAO,0.7871044560376652,0.8987360550098078,-0.1116315989721425,False,False
IOC,IMO,0.738656645110694,0.884096217746619,-0.145439572635925,False,False
IOC,UNFCCC,0.7315844050072378,0.8729235372894921,-0.1413391322822543,False,False
IOC,UNEP,0.7860296160344898,0.8688942086171584,-0.0828645925826685,False,False
IOC,UNICEF,0.5791301285764264,0.9037889630036244,-0.3246588344271981,False,False
IOC,WHO,0.6599019242091295,0.9179873784350951,-0.2580854542259657,False,False
IOC,ICES,0.6224955019069316,0.8935744456716082,-0.2710789437646765,False,False
IOC,IPCC,0.6492945968685305,0.8754804003710556,-0.226185803502525,False,False
IOC,WTO,0.687359977905636,0.8738230426874084,-0.1864630647817724,False,False
IOC,IOM,0.5245219016795685,0.9090486897667484,-0.38452678808718,False,False
IOC,UN Women,0.0,0.866016499307753,-0.866016499307753,False,False
IOC,Minamata,0.6365393056277318,0.8725145477246988,-0.235975242096967,False,False
IOC,UNOOSA,0.4629612954868925,0.8768179353713493,-0.4138566398844568,False,False
FAO,IMO,0.7676442247978623,0.8843912676645296,-0.1167470428666672,False,False
FAO,UNDRR,0.4923250323522311,0.8828400906962296,-0.3905150583439985,False,False
FAO,WTO,0.5804092439842975,0.8664961167107885,-0.286086872726491,False,False
IMO,ISA,0.2707839764335047,0.8677134397667474,-0.5969294633332427,False,False
IMO,UNICEF,0.3786894608834579,0.8917563734634703,-0.5130669125800122,False,False
IMO,UNDRR,0.4624430935331531,0.8853420465136794,-0.4228989529805263,False,False
IMO,IAEA,0.8868103884526453,0.904061354204836,-0.0172509657521908,False,False
IMO,WMO,0.7830232927582982,0.8815409264032015,-0.0985176336449032,False,False
IMO,IHO,0.9502578394694486,0.8882139643711293,0.0620438750983193,True,False
IMO,WTO,0.6434814141288412,0.9186510188700882,-0.2751696047412469,False,False
IMO,Ramsar,0.2706787205889511,0.8816828465409663,-0.6110041259520151,False,False
UNFCCC,UNEP,0.6579233535813608,0.9157682501035556,-0.2578448965221948,False,False
UNFCCC,ILO,0.8081660621992381,0.8795544769733733,-0.0713884147741351,False,False
UNFCCC,ITU,0.0,0.9106001024510436,-0.9106001024510436,False,False
UNFCCC,IPCC,0.2523134881936252,0.8675952803859568,-0.6152817921923315,False,False
UNFCCC,UNWTO,0.522017748984101,0.8743468868131324,-0.3523291378290314,False,False
UNFCCC,UNCCD,0.2774716222822315,0.8660865987673521,-0.5886149764851205,False,False
ISA,UNCTAD,0.1794606340193885,0.8729737054680926,-0.6935130714487041,False,False
ISA,IAEA,0.2548509505142025,0.8740785799234135,-0.6192276294092111,False,False
UNEP,UNIDO,0.8714262586396293,0.9035452033073578,-0.0321189446677284,False,False
UNEP,ILO,0.4822445673363533,0.917137693721834,-0.4348931263854808,False,False
UNEP,ITU,0.2693159769848675,0.8905218525512202,-0.6212058755663528,False,False
UNEP,UNICEF,0.5078270762876799,0.8845256919148922,-0.3766986156272123,False,False
UNEP,WHO,0.5289260787403457,0.8732910141061616,-0.3443649353658159,False,False
UNEP,UNWTO,0.6620519162313513,0.8783492867862721,-0.2162973705549208,False,False
UNDP,UNGC,0.6691347384090786,0.8617641709916801,-0.1926294325826015,False,False
UNDP,WBG,0.7549733592582015,0.8917975329487148,-0.1368241736905132,False,False
UNDP,UNFPA,0.6390186524393188,0.9122834049983114,-0.2732647525589926,False,False
UNDP,ITC,0.2313000751975041,0.8777769328069354,-0.6464768576094312,False,False
UNCTAD,UNIDO,0.4491292641775324,0.8652045143034062,-0.4160752501258737,False,False
UNIDO,ILO,0.5788847171513006,0.932383590967831,-0.3534988738165303,False,False
UNIDO,ITU,0.3012850696156272,0.9213282818693832,-0.620043212253756,False,False
ILO,ITU,0.2615158904773538,0.8771282483824808,-0.6156123579051269,False,False
ILO,UNWTO,0.4623512782122577,0.8684871746040875,-0.4061358963918298,False,False
UNICEF,WHO,0.6686478498357317,0.9139046961447824,-0.2452568463090508,False,False
UNICEF,IAEA,0.4402677642257345,0.8900168229474975,-0.4497490587217629,False,False
UNICEF,WMO,0.5652184950925788,0.8844879575083375,-0.3192694624157587,False,False
UNICEF,ICES,0.3860243234889781,0.8888211625297598,-0.5027968390407818,False,False
UNICEF,WTO,0.5348383021589467,0.8729710509559694,-0.3381327487970227,False,False
UNICEF,UNFPA,0.7537783614444092,0.8857722439843705,-0.1319938825399612,False,False
UNICEF,WFP,0.210818510677892,0.8644668422694591,-0.6536483315915671,False,False
UNICEF,UNWTO,0.257914842477732,0.8905912089289214,-0.6326763664511894,False,False
UNICEF,UNCCD,0.5500913313380232,0.8791905372245119,-0.3290992058864886,False,False
UNICEF,Minamata,0.6350528962771201,0.8731157982022018,-0.2380629019250816,False,False
WHO,ICES,0.3573890776871973,0.8632078344055237,-0.5058187567183263,False,False
WHO,IPCC,0.6483527187784862,0.8701282842612825,-0.2217755654827963,False,False
WHO,IOM,0.2516683698344635,0.9146065223999869,-0.6629381525655231,False,False
WHO,UN Women,0.0,0.864450611977101,-0.864450611977101,False,False
WHO,WFP,0.5855400437691199,0.8819548842137224,-0.2964148404446024,False,False
WHO,UNWTO,0.3183769935940744,0.9202870229441584,-0.6019100293500841,False,False
WHO,UNCCD,0.6366070140792303,0.9187429147101104,-0.2821359006308801,False,False
WHO,UNODC,0.0,0.8675886840786436,-0.8675886840786436,False,False
UNHCR/OHCHR,UN Women,0.4714045207910317,0.867457149963051,-0.3960526291720193,False,False
UNDRR,IAEA,0.61713712389023,0.8679033892178345,-0.2507662653276045,False,False
UNDRR,WTO,0.7231369714972667,0.8716566502123488,-0.1485196787150821,False,False
UNDRR,UN-Habitat,0.5097216946845465,0.8698106074896528,-0.3600889128051062,False,False
IAEA,WMO,0.8023788887976295,0.931964690751868,-0.1295858019542385,False,False
IAEA,IHO,0.9106956160944574,0.9576047374100743,-0.046909121315617,False,False
IAEA,ICES,0.4803660373307559,0.8682281508046147,-0.3878621134738587,False,False
IAEA,WTO,0.5326061148521276,0.8990117139564242,-0.3664055991042966,False,False
IAEA,WIPO,0.1858440157923259,0.883993098643656,-0.6981490828513301,False,False
IAEA,BRS,0.3765569401837216,0.8652601685043204,-0.4887032283205988,False,False
IAEA,Minamata,0.2636165577342047,0.8646369007837921,-0.6010203430495873,False,False
WMO,IHO,0.8373163073136545,0.9420497435452668,-0.1047334362316124,False,False
WMO,WTO,0.8108042048111952,0.8874781043527545,-0.0766738995415593,False,False
WMO,BRS,0.5571807966856285,0.927373251103075,-0.3701924544174465,False,False
WMO,Minamata,0.5576445872035813,0.8872793473111105,-0.3296347601075291,False,False
OECD,UNODC,0.1431017278233537,0.8607693689960585,-0.7176676411727048,False,False
WBG,UNFPA,0.3559079344107322,0.8657543779579404,-0.5098464435472082,False,False
IHO,ICES,0.4742368584900922,0.8916596678728003,-0.417422809382708,False,False
IHO,WTO,0.6389427783583823,0.9136761612512888,-0.2747333828929066,False,False
IHO,Minamata,0.3312310534780897,0.8700845238578782,-0.5388534703797885,False,False
ICES,IPCC,0.2027499076577011,0.8639892316844487,-0.6612393240267476,False,False
ICES,WTO,0.5367487927682597,0.9029819101537716,-0.366233117385512,False,False
ICES,IOM,0.4266742500485534,0.9169125467927002,-0.4902382967441467,False,False
ICES,UN Women,0.0,0.8769682567691635,-0.8769682567691635,False,False
ICES,CBD,0.5369757124351187,0.878719731846592,-0.3417440194114733,False,False
ICES,Minamata,0.2101250268557926,0.8638159735961249,-0.6536909467403323,False,False
IPCC,IOM,0.3569340945903338,0.8985848456460008,-0.541650751055667,False,False
IPCC,UN Women,0.0,0.8944735859892596,-0.8944735859892596,False,False
IPCC,CBD,0.0,0.8854209450003312,-0.8854209450003312,False,False
IPCC,UNCCD,0.6500747741854638,0.903348598086462,-0.2532738239009982,False,False
IPCC,UNOOSA,0.1516196087157806,0.8959088025157753,-0.7442891937999947,False,False
WTO,Ramsar,0.4317125341772519,0.8767597815710904,-0.4450472473938384,False,False
WTO,Minamata,0.6238480643742428,0.862879414634206,-0.2390313502599632,False,False
IOM,UN Women,0.3203581541090472,0.9013078366202022,-0.580949682511155,False,False
IOM,CBD,0.491260039765468,0.8689591539644693,-0.3776991141990012,False,False
IOM,UNCCD,0.4485987784838147,0.8697339672134331,-0.4211351887296183,False,False
UN Women,UNWTO,0.1215822227231097,0.8624023498684684,-0.7408201271453587,False,False
UN Women,UNCCD,0.388973310661052,0.8880989890136822,-0.4991256783526301,False,False
WIPO,UNWTO,0.3888212547101155,0.8721159785066044,-0.4832947237964888,False,False
WIPO,UNOOSA,0.6092717958449425,0.8691596480540743,-0.2598878522091318,False,False
UNFPA,ITC,0.4136701519960153,0.8967369859433528,-0.4830668339473374,False,False
WFP,UNWTO,0.2446795033779537,0.9040305171214006,-0.6593510137434468,False,False
WFP,IFAD,0.4879500364742666,0.9307602297535188,-0.4428101932792521,False,False
UNWTO,UNCCD,0.3458245027341297,0.902112525305402,-0.5562880225712723,False,False
UNWTO,UNOOSA,0.4467216111975556,0.8665909040043265,-0.4198692928067708,False,False
BRS,CITES,0.6695982250924353,0.8893183515555306,-0.2197201264630953,False,False
CMS,UNOOSA,0.3850245995797071,0.8918487931070663,-0.5068241935273592,False,False
UNCCD,UNOOSA,0.5359422007578722,0.8786813042237949,-0.3427391034659226,False,False
