doc_id,filename,page_number,status,error
DOC_0001,Agreement-relating-to-the-imp-of-Part-XI-of-UNCLOS.pdf,1,page_error,code=7: malformed page tree
DOC_0001,Agreement-relating-to-the-imp-of-Part-XI-of-UNCLOS.pdf,2,page_error,page not in document
DOC_0001,Agreement-relating-to-the-imp-of-Part-XI-of-UNCLOS.pdf,3,page_error,page not in document
DOC_0001,Agreement-relating-to-the-imp-of-Part-XI-of-UNCLOS.pdf,4,page_error,page not in document
DOC_0001,Agreement-relating-to-the-imp-of-Part-XI-of-UNCLOS.pdf,5,page_error,page not in document
DOC_0001,Agreement-relating-to-the-imp-of-Part-XI-of-UNCLOS.pdf,6,page_error,page not in document
DOC_0001,Agreement-relating-to-the-imp-of-Part-XI-of-UNCLOS.pdf,7,page_error,page not in document
DOC_0001,Agreement-relating-to-the-imp-of-Part-XI-of-UNCLOS.pdf,8,page_error,page not in document
DOC_0001,Agreement-relating-to-the-imp-of-Part-XI-of-UNCLOS.pdf,9,page_error,page not in document
DOC_0001,Agreement-relating-to-the-imp-of-Part-XI-of-UNCLOS.pdf,10,page_error,page not in document
DOC_0001,Agreement-relating-to-the-imp-of-Part-XI-of-UNCLOS.pdf,11,page_error,page not in document
DOC_0001,Agreement-relating-to-the-imp-of-Part-XI-of-UNCLOS.pdf,12,page_error,page not in document
DOC_0001,Agreement-relating-to-the-imp-of-Part-XI-of-UNCLOS.pdf,13,page_error,page not in document
DOC_0001,Agreement-relating-to-the-imp-of-Part-XI-of-UNCLOS.pdf,14,page_error,page not in document
DOC_0001,Agreement-relating-to-the-imp-of-Part-XI-of-UNCLOS.pdf,15,page_error,page not in document
DOC_0001,Agreement-relating-to-the-imp-of-Part-XI-of-UNCLOS.pdf,16,page_error,page not in document
DOC_0001,Agreement-relating-to-the-imp-of-Part-XI-of-UNCLOS.pdf,17,page_error,page not in document
DOC_0001,Agreement-relating-to-the-imp-of-Part-XI-of-UNCLOS.pdf,18,page_error,page not in document
DOC_0001,Agreement-relating-to-the-imp-of-Part-XI-of-UNCLOS.pdf,19,page_error,page not in document
DOC_0001,Agreement-relating-to-the-imp-of-Part-XI-of-UNCLOS.pdf,20,page_error,page not in document
DOC_0001,Agreement-relating-to-the-imp-of-Part-XI-of-UNCLOS.pdf,21,page_error,page not in document
DOC_0001,Agreement-relating-to-the-imp-of-Part-XI-of-UNCLOS.pdf,22,page_error,page not in document
DOC_0001,Agreement-relating-to-the-imp-of-Part-XI-of-UNCLOS.pdf,23,page_error,page not in document
DOC_0001,Agreement-relating-to-the-imp-of-Part-XI-of-UNCLOS.pdf,24,page_error,page not in document
DOC_0001,Agreement-relating-to-the-imp-of-Part-XI-of-UNCLOS.pdf,25,page_error,page not in document
DOC_0001,Agreement-relating-to-the-imp-of-Part-XI-of-UNCLOS.pdf,26,page_error,page not in document
DOC_0001,Agreement-relating-to-the-imp-of-Part-XI-of-UNCLOS.pdf,27,page_error,page not in document
DOC_0001,Agreement-relating-to-the-imp-of-Part-XI-of-UNCLOS.pdf,28,page_error,page not in document
DOC_0001,Agreement-relating-to-the-imp-of-Part-XI-of-UNCLOS.pdf,29,page_error,page not in document
DOC_0001,Agreement-relating-to-the-imp-of-Part-XI-of-UNCLOS.pdf,30,page_error,page not in document
DOC_0001,Agreement-relating-to-the-imp-of-Part-XI-of-UNCLOS.pdf,31,page_error,page not in document
DOC_0001,Agreement-relating-to-the-imp-of-Part-XI-of-UNCLOS.pdf,32,page_error,page not in document
DOC_0001,Agreement-relating-to-the-imp-of-Part-XI-of-UNCLOS.pdf,33,page_error,page not in document
DOC_0001,Agreement-relating-to-the-imp-of-Part-XI-of-UNCLOS.pdf,34,page_error,page not in document
DOC_0001,Agreement-relating-to-the-imp-of-Part-XI-of-UNCLOS.pdf,35,page_error,page not in document
DOC_0001,Agreement-relating-to-the-imp-of-Part-XI-of-UNCLOS.pdf,36,page_error,page not in document
DOC_0001,Agreement-relating-to-the-imp-of-Part-XI-of-UNCLOS.pdf,37,page_error,page not in document
DOC_0001,Agreement-relating-to-the-imp-of-Part-XI-of-UNCLOS.pdf,38,page_error,page not in document
DOC_0001,Agreement-relating-to-the-imp-of-Part-XI-of-UNCLOS.pdf,39,page_error,page not in document
DOC_0001,Agreement-relating-to-the-imp-of-Part-XI-of-UNCLOS.pdf,40,page_error,page not in document
DOC_0001,Agreement-relating-to-the-imp-of-Part-XI-of-UNCLOS.pdf,41,page_error,page not in document
DOC_0001,Agreement-relating-to-the-imp-of-Part-XI-of-UNCLOS.pdf,42,page_error,page not in document
DOC_0001,Agreement-relating-to-the-imp-of-Part-XI-of-UNCLOS.pdf,43,page_error,page not in document
DOC_0001,Agreement-relating-to-the-imp-of-Part-XI-of-UNCLOS.pdf,44,page_error,page not in document
DOC_0001,Agreement-relating-to-the-imp-of-Part-XI-of-UNCLOS.pdf,45,page_error,page not in document
DOC_0001,Agreement-relating-to-the-imp-of-Part-XI-of-UNCLOS.pdf,46,page_error,page not in document
DOC_0001,Agreement-relating-to-the-imp-of-Part-XI-of-UNCLOS.pdf,47,page_error,page not in document
DOC_0001,Agreement-relating-to-the-imp-of-Part-XI-of-UNCLOS.pdf,48,page_error,page not in document
DOC_0001,Agreement-relating-to-the-imp-of-Part-XI-of-UNCLOS.pdf,49,page_error,page not in document
DOC_0001,Agreement-relating-to-the-imp-of-Part-XI-of-UNCLOS.pdf,50,page_error,page not in document
DOC_0001,Agreement-relating-to-the-imp-of-Part-XI-of-UNCLOS.pdf,51,page_error,page not in document
DOC_0001,Agreement-relating-to-the-imp-of-Part-XI-of-UNCLOS.pdf,52,page_error,page not in document
DOC_0001,Agreement-relating-to-the-imp-of-Part-XI-of-UNCLOS.pdf,53,page_error,page not in document
DOC_0001,Agreement-relating-to-the-imp-of-Part-XI-of-UNCLOS.pdf,54,page_error,page not in document
DOC_0001,Agreement-relating-to-the-imp-of-Part-XI-of-UNCLOS.pdf,55,page_error,page not in document
DOC_0001,Agreement-relating-to-the-imp-of-Part-XI-of-UNCLOS.pdf,56,page_error,page not in document
DOC_0001,Agreement-relating-to-the-imp-of-Part-XI-of-UNCLOS.pdf,57,page_error,page not in document
DOC_0001,Agreement-relating-to-the-imp-of-Part-XI-of-UNCLOS.pdf,58,page_error,page not in document
DOC_0001,Agreement-relating-to-the-imp-of-Part-XI-of-UNCLOS.pdf,59,page_error,page not in document
DOC_0001,Agreement-relating-to-the-imp-of-Part-XI-of-UNCLOS.pdf,60,page_error,page not in document
DOC_0001,Agreement-relating-to-the-imp-of-Part-XI-of-UNCLOS.pdf,61,page_error,page not in document
DOC_0001,Agreement-relating-to-the-imp-of-Part-XI-of-UNCLOS.pdf,62,page_error,page not in document
DOC_0001,Agreement-relating-to-the-imp-of-Part-XI-of-UNCLOS.pdf,63,page_error,page not in document
DOC_0001,Agreement-relating-to-the-imp-of-Part-XI-of-UNCLOS.pdf,64,page_error,page not in document
DOC_0001,Agreement-relating-to-the-imp-of-Part-XI-of-UNCLOS.pdf,65,page_error,page not in document
DOC_0001,Agreement-relating-to-the-imp-of-Part-XI-of-UNCLOS.pdf,66,page_error,page not in document
DOC_0001,Agreement-relating-to-the-imp-of-Part-XI-of-UNCLOS.pdf,67,page_error,page not in document
DOC_0001,Agreement-relating-to-the-imp-of-Part-XI-of-UNCLOS.pdf,68,page_error,page not in document
DOC_0001,Agreement-relating-to-the-imp-of-Part-XI-of-UNCLOS.pdf,69,page_error,page not in document
DOC_0001,Agreement-relating-to-the-imp-of-Part-XI-of-UNCLOS.pdf,70,page_error,page not in document
DOC_0001,Agreement-relating-to-the-imp-of-Part-XI-of-UNCLOS.pdf,71,page_error,page not in document
DOC_0001,Agreement-relating-to-the-imp-of-Part-XI-of-UNCLOS.pdf,72,page_error,page not in document
DOC_0001,Agreement-relating-to-the-imp-of-Part-XI-of-UNCLOS.pdf,73,page_error,page not in document
DOC_0001,Agreement-relating-to-the-imp-of-Part-XI-of-UNCLOS.pdf,74,page_error,page not in document
DOC_0001,Agreement-relating-to-the-imp-of-Part-XI-of-UNCLOS.pdf,75,page_error,page not in document
DOC_0001,Agreement-relating-to-the-imp-of-Part-XI-of-UNCLOS.pdf,76,page_error,page not in document
DOC_0001,Agreement-relating-to-the-imp-of-Part-XI-of-UNCLOS.pdf,77,page_error,page not in document
DOC_0001,Agreement-relating-to-the-imp-of-Part-XI-of-UNCLOS.pdf,78,page_error,page not in document
DOC_0001,Agreement-relating-to-the-imp-of-Part-XI-of-UNCLOS.pdf,79,page_error,page not in document
DOC_0001,Agreement-relating-to-the-imp-of-Part-XI-of-UNCLOS.pdf,80,page_error,page not in document
DOC_0001,Agreement-relating-to-the-imp-of-Part-XI-of-UNCLOS.pdf,81,page_error,page not in document
DOC_0001,Agreement-relating-to-the-imp-of-Part-XI-of-UNCLOS.pdf,82,page_error,page not in document
DOC_0001,Agreement-relating-to-the-imp-of-Part-XI-of-UNCLOS.pdf,83,page_error,page not in document
DOC_0001,Agreement-relating-to-the-imp-of-Part-XI-of-UNCLOS.pdf,84,page_error,page not in document
DOC_0001,Agreement-relating-to-the-imp-of-Part-XI-of-UNCLOS.pdf,85,page_error,page not in document
DOC_0001,Agreement-relating-to-the-imp-of-Part-XI-of-UNCLOS.pdf,86,page_error,page not in document
DOC_0001,Agreement-relating-to-the-imp-of-Part-XI-of-UNCLOS.pdf,87,page_error,page not in document
DOC_0001,Agreement-relating-to-the-imp-of-Part-XI-of-UNCLOS.pdf,88,page_error,page not in document
DOC_0001,Agreement-relating-to-the-imp-of-Part-XI-of-UNCLOS.pdf,89,page_error,page not in document
DOC_0001,Agreement-relating-to-the-imp-of-Part-XI-of-UNCLOS.pdf,90,page_error,page not in document
DOC_0001,Agreement-relating-to-the-imp-of-Part-XI-of-UNCLOS.pdf,91,page_error,page not in document
DOC_0001,Agreement-relating-to-the-imp-of-Part-XI-of-UNCLOS.pdf,92,page_error,page not in document
DOC_0001,Agreement-relating-to-the-imp-of-Part-XI-of-UNCLOS.pdf,93,page_error,page not in document
DOC_0001,Agreement-relating-to-the-imp-of-Part-XI-of-UNCLOS.pdf,94,page_error,page not in document
DOC_0001,Agreement-relating-to-the-imp-of-Part-XI-of-UNCLOS.pdf,95,page_error,page not in document
DOC_0001,Agreement-relating-to-the-imp-of-Part-XI-of-UNCLOS.pdf,96,page_error,page not in document
DOC_0001,Agreement-relating-to-the-imp-of-Part-XI-of-UNCLOS.pdf,97,page_error,page not in document
DOC_0001,Agreement-relating-to-the-imp-of-Part-XI-of-UNCLOS.pdf,98,page_error,page not in document
DOC_0001,Agreement-relating-to-the-imp-of-Part-XI-of-UNCLOS.pdf,99,page_error,page not in document
DOC_0001,Agreement-relating-to-the-imp-of-Part-XI-of-UNCLOS.pdf,100,page_error,page not in document
DOC_0001,Agreement-relating-to-the-imp-of-Part-XI-of-UNCLOS.pdf,101,page_error,page not in document
DOC_0001,Agreement-relating-to-the-imp-of-Part-XI-of-UNCLOS.pdf,102,page_error,page not in document
DOC_0001,Agreement-relating-to-the-imp-of-Part-XI-of-UNCLOS.pdf,103,page_error,page not in document
DOC_0001,Agreement-relating-to-the-imp-of-Part-XI-of-UNCLOS.pdf,104,page_error,page not in document
DOC_0001,Agreement-relating-to-the-imp-of-Part-XI-of-UNCLOS.pdf,105,page_error,page not in document
DOC_0001,Agreement-relating-to-the-imp-of-Part-XI-of-UNCLOS.pdf,106,page_error,page not in document
DOC_0001,Agreement-relating-to-the-imp-of-Part-XI-of-UNCLOS.pdf,107,page_error,page not in document
DOC_0001,Agreement-relating-to-the-imp-of-Part-XI-of-UNCLOS.pdf,108,page_error,page not in document
DOC_0001,Agreement-relating-to-the-imp-of-Part-XI-of-UNCLOS.pdf,109,page_error,page not in document
DOC_0001,Agreement-relating-to-the-imp-of-Part-XI-of-UNCLOS.pdf,110,page_error,page not in document
DOC_0001,Agreement-relating-to-the-imp-of-Part-XI-of-UNCLOS.pdf,111,page_error,page not in document
DOC_0001,Agreement-relating-to-the-imp-of-Part-XI-of-UNCLOS.pdf,112,page_error,page not in document
DOC_0001,Agreement-relating-to-the-imp-of-Part-XI-of-UNCLOS.pdf,113,page_error,page not in document
DOC_0001,Agreement-relating-to-the-imp-of-Part-XI-of-UNCLOS.pdf,114,page_error,page not in document
DOC_0001,Agreement-relating-to-the-imp-of-Part-XI-of-UNCLOS.pdf,115,page_error,page not in document
DOC_0001,Agreement-relating-to-the-imp-of-Part-XI-of-UNCLOS.pdf,116,page_error,page not in document
DOC_0001,Agreement-relating-to-the-imp-of-Part-XI-of-UNCLOS.pdf,117,page_error,page not in document
DOC_0001,Agreement-relating-to-the-imp-of-Part-XI-of-UNCLOS.pdf,118,page_error,page not in document
DOC_0001,Agreement-relating-to-the-imp-of-Part-XI-of-UNCLOS.pdf,119,page_error,page not in document
DOC_0001,Agreement-relating-to-the-imp-of-Part-XI-of-UNCLOS.pdf,120,page_error,page not in document
DOC_0001,Agreement-relating-to-the-imp-of-Part-XI-of-UNCLOS.pdf,121,page_error,page not in document
DOC_0001,Agreement-relating-to-the-imp-of-Part-XI-of-UNCLOS.pdf,122,page_error,page not in document
DOC_0001,Agreement-relating-to-the-imp-of-Part-XI-of-UNCLOS.pdf,123,page_error,page not in document
DOC_0001,Agreement-relating-to-the-imp-of-Part-XI-of-UNCLOS.pdf,124,page_error,page not in document
DOC_0001,Agreement-relating-to-the-imp-of-Part-XI-of-UNCLOS.pdf,125,page_error,page not in document
DOC_0001,Agreement-relating-to-the-imp-of-Part-XI-of-UNCLOS.pdf,126,page_error,page not in document
DOC_0001,Agreement-relating-to-the-imp-of-Part-XI-of-UNCLOS.pdf,127,page_error,page not in document
DOC_0001,Agreement-relating-to-the-imp-of-Part-XI-of-UNCLOS.pdf,128,page_error,page not in document
DOC_0001,Agreement-relating-to-the-imp-of-Part-XI-of-UNCLOS.pdf,129,page_error,page not in document
DOC_0001,Agreement-relating-to-the-imp-of-Part-XI-of-UNCLOS.pdf,130,page_error,page not in document
