institution,ordinal_score_vertical_coordination,un_to_member_states__within_igo,global_regional_national_coordination__within_igo,intergovernmental_to_national_institutions__within_igo,technical_assistance_to_states__within_igo,policy_alignment_with_national_plans__within_igo,regional_implementing_partners__within_igo,reporting_and_compliance_mechanisms__within_igo,multi_level_planning_structures__within_igo,data_integration_systems__within_igo,sectoral_to_national_coordination__within_igo,un_to_member_states__across_igo,global_regional_national_coordination__across_igo,intergovernmental_to_national_institutions__across_igo,technical_assistance_to_states__across_igo,policy_alignment_with_national_plans__across_igo,regional_implementing_partners__across_igo,reporting_and_compliance_mechanisms__across_igo,multi_level_planning_structures__across_igo,data_integration_systems__across_igo,sectoral_to_national_coordination__across_igo
Intergovernmental Oceanographic Commission (IOC),6,10.0,3.333333333333,3.333333333333,3.333333333333,0.0,3.333333333333,0.0,3.333333333333,0.0,0.0,6.666666666667,0.0,10.0,2.0,0.0,3.333333333333,0.0,5.0,0.0,0.0
Food and Agriculture Organization of the United Nations (FAO),7,10.0,5.0,5.0,10.0,5.0,10.0,0.0,5.0,0.0,0.0,3.333333333333,0.0,10.0,4.0,10.0,6.666666666667,0.0,5.0,0.0,0.0
Convention on the Intergovernmental Maritime Consultative Organization (IMO) Secretariat,7,6.0,2.0,2.0,10.0,0.0,4.0,0.0,2.0,0.0,2.0,6.666666666667,0.0,10.0,10.0,0.0,6.666666666667,0.0,5.0,0.0,10.0
Division for Ocean Affairs and the Law of the Sea (UN DOALOS),6,4.0,2.0,2.0,10.0,0.0,0.0,4.0,0.0,0.0,2.0,3.333333333333,0.0,10.0,10.0,0.0,0.0,5.0,0.0,0.0,10.0
Climate Change Secretariat,4,10.0,5.0,5.0,0.0,0.0,10.0,0.0,0.0,0.0,0.0,3.333333333333,0.0,10.0,0.0,0.0,6.666666666667,0.0,0.0,0.0,0.0
International Seabed Authority,6,6.666666666667,3.333333333333,3.333333333333,10.0,0.0,6.666666666667,0.0,3.333333333333,0.0,0.0,3.333333333333,0.0,10.0,6.0,0.0,6.666666666667,0.0,5.0,0.0,0.0
United Nations Environment Programme (UNEP),5,10.0,5.0,5.0,0.0,0.0,10.0,0.0,5.0,0.0,0.0,3.333333333333,0.0,10.0,0.0,0.0,6.666666666667,0.0,5.0,0.0,0.0
United Nations Development Programme (UNDP),7,10.0,5.0,5.0,0.0,5.0,10.0,5.0,5.0,0.0,0.0,3.333333333333,0.0,10.0,0.0,10.0,6.666666666667,2.5,5.0,0.0,0.0
United Nations Conference on Trade and Development (UNCTAD),5,10.0,3.333333333333,3.333333333333,6.666666666667,0.0,6.666666666667,0.0,0.0,0.0,0.0,6.666666666667,0.0,10.0,4.0,0.0,6.666666666667,0.0,0.0,0.0,0.0
United Nations Industrial Development Organization (UNIDO),5,10.0,5.0,5.0,0.0,0.0,10.0,0.0,5.0,0.0,0.0,3.333333333333,0.0,10.0,0.0,0.0,6.666666666667,0.0,5.0,0.0,0.0
International Labour Organization (ILO),4,10.0,5.0,5.0,0.0,0.0,10.0,0.0,0.0,0.0,0.0,3.333333333333,0.0,10.0,0.0,0.0,6.666666666667,0.0,0.0,0.0,0.0
International Telecommunication Union (ITU),4,10.0,5.0,5.0,0.0,0.0,10.0,0.0,0.0,0.0,0.0,3.333333333333,0.0,10.0,0.0,0.0,6.666666666667,0.0,0.0,0.0,0.0
United Nations Children’s Fund (UNICEF),7,10.0,5.0,5.0,10.0,0.0,10.0,5.0,5.0,0.0,0.0,3.333333333333,0.0,10.0,4.0,0.0,6.666666666667,2.5,5.0,0.0,0.0
World Health Organization (WHO),5,10.0,3.333333333333,3.333333333333,0.0,3.333333333333,6.666666666667,0.0,0.0,0.0,0.0,6.666666666667,0.0,10.0,0.0,10.0,6.666666666667,0.0,0.0,0.0,0.0
"Commissioner for Refugees (UNHCR), and the Office of the United Nations High Commissioner for Human Rights (OHCHR)",6,10.0,2.5,2.5,0.0,2.5,5.0,7.5,0.0,0.0,0.0,10.0,0.0,10.0,0.0,10.0,6.666666666667,7.5,0.0,0.0,0.0
United Nations Office for Disaster Risk Reduction (UNDRR),7,6.666666666667,3.333333333333,3.333333333333,10.0,0.0,6.666666666667,0.0,3.333333333333,0.0,3.333333333333,3.333333333333,0.0,10.0,6.0,0.0,6.666666666667,0.0,5.0,0.0,10.0
UN Global Compact Office,5,5.0,5.0,0.0,0.0,5.0,5.0,10.0,0.0,0.0,0.0,0.0,0.0,0.0,0.0,10.0,3.333333333333,5.0,0.0,0.0,0.0
International Atomic Energy Agency (IAEA),8,7.5,2.5,2.5,10.0,2.5,2.5,5.0,0.0,0.0,2.5,6.666666666667,0.0,10.0,8.0,10.0,3.333333333333,5.0,0.0,0.0,10.0
World Meteorological Organization (WMO),5,5.0,2.5,2.5,10.0,0.0,0.0,5.0,0.0,0.0,0.0,3.333333333333,0.0,10.0,8.0,0.0,0.0,5.0,0.0,0.0,0.0
Organisation for Economic Co-operation and Development (OECD),7,10.0,3.333333333333,3.333333333333,0.0,3.333333333333,3.333333333333,6.666666666667,0.0,0.0,3.333333333333,6.666666666667,0.0,10.0,0.0,10.0,3.333333333333,5.0,0.0,0.0,10.0
World Bank Group (WBG),5,10.0,5.0,5.0,0.0,0.0,10.0,5.0,0.0,0.0,0.0,3.333333333333,0.0,10.0,0.0,0.0,6.666666666667,2.5,0.0,0.0,0.0
International Monetary Fund (IMF),5,10.0,5.0,5.0,10.0,0.0,10.0,0.0,0.0,0.0,0.0,3.333333333333,0.0,10.0,4.0,0.0,6.666666666667,0.0,0.0,0.0,0.0
International Hydrographic Organization (IHO),6,7.5,2.5,2.5,10.0,0.0,0.0,5.0,0.0,2.5,0.0,6.666666666667,0.0,10.0,8.0,0.0,0.0,5.0,0.0,10.0,0.0
International Council for the Exploration of the Sea (ICES),6,10.0,3.333333333333,3.333333333333,3.333333333333,0.0,0.0,3.333333333333,0.0,3.333333333333,0.0,6.666666666667,0.0,10.0,2.0,0.0,0.0,2.5,0.0,10.0,0.0
The Intergovernmental Science-Policy Platform on Biodiversity and Ecosystem Services (IPBES),6,10.0,5.0,5.0,10.0,0.0,10.0,5.0,0.0,0.0,0.0,3.333333333333,0.0,10.0,4.0,0.0,6.666666666667,2.5,0.0,0.0,0.0
IPCC,5,10.0,5.0,5.0,0.0,0.0,5.0,5.0,0.0,0.0,0.0,3.333333333333,0.0,10.0,0.0,0.0,3.333333333333,2.5,0.0,0.0,0.0
World Trade Organization (WTO),5,10.0,3.333333333333,0.0,10.0,0.0,3.333333333333,3.333333333333,0.0,0.0,0.0,6.666666666667,0.0,0.0,6.0,0.0,3.333333333333,2.5,0.0,0.0,0.0
International Organization for Migration (IOM),5,10.0,3.333333333333,3.333333333333,0.0,3.333333333333,0.0,3.333333333333,0.0,0.0,0.0,6.666666666667,0.0,10.0,0.0,10.0,0.0,2.5,0.0,0.0,0.0
United Nations Office for Project Services (UNOPS),6,10.0,5.0,5.0,5.0,0.0,10.0,5.0,0.0,0.0,0.0,3.333333333333,0.0,10.0,2.0,0.0,6.666666666667,2.5,0.0,0.0,0.0
UN Entity for Gender Equality and the Empowerment of Women (UN-Women),6,10.0,3.333333333333,3.333333333333,0.0,0.0,6.666666666667,6.666666666667,0.0,0.0,3.333333333333,6.666666666667,0.0,10.0,0.0,0.0,6.666666666667,5.0,0.0,0.0,10.0
World Intellectual Property Organisation (WIPO),6,10.0,5.0,5.0,10.0,5.0,10.0,0.0,0.0,0.0,0.0,3.333333333333,0.0,10.0,4.0,10.0,6.666666666667,0.0,0.0,0.0,0.0
UN Population Fund (UNFPA),7,10.0,5.0,5.0,5.0,0.0,10.0,5.0,5.0,0.0,0.0,3.333333333333,0.0,10.0,2.0,0.0,6.666666666667,2.5,5.0,0.0,0.0
United Nations Human Settlements Programme (UN-Habitat),7,10.0,3.333333333333,3.333333333333,6.666666666667,0.0,6.666666666667,6.666666666667,6.666666666667,0.0,0.0,6.666666666667,0.0,10.0,4.0,0.0,6.666666666667,5.0,10.0,0.0,0.0
World Food Programme (WFP),5,10.0,5.0,5.0,0.0,5.0,10.0,0.0,0.0,0.0,0.0,3.333333333333,0.0,10.0,0.0,10.0,6.666666666667,0.0,0.0,0.0,0.0
World Tourism Organization/UN Tourism (UNWTO),5,10.0,3.333333333333,3.333333333333,0.0,0.0,10.0,0.0,0.0,0.0,3.333333333333,6.666666666667,0.0,10.0,0.0,0.0,10.0,0.0,0.0,0.0,10.0
UN Research Institute for Social Development (UNRISD),7,10.0,2.5,2.5,0.0,2.5,2.5,5.0,2.5,0.0,0.0,10.0,0.0,10.0,0.0,10.0,3.333333333333,5.0,5.0,0.0,0.0
"Secretariat of the Basel, Rotterdam and Stockholm Conventions (BRS)",5,2.0,2.0,0.0,10.0,2.0,0.0,6.0,0.0,0.0,0.0,0.0,0.0,0.0,10.0,10.0,0.0,7.5,0.0,0.0,0.0
Secretariat of the Convention on Biological Diversity (CBD),5,10.0,5.0,5.0,0.0,0.0,0.0,5.0,5.0,0.0,0.0,3.333333333333,0.0,10.0,0.0,0.0,0.0,2.5,5.0,0.0,0.0
Secretariat of the Convention on International Trade in Endangered Species of Wild Fauna and Flora (CITES),7,2.5,2.5,2.5,5.0,0.0,2.5,10.0,2.5,0.0,0.0,0.0,0.0,10.0,4.0,0.0,3.333333333333,10.0,5.0,0.0,0.0
Secretariat of the Convention on Migratory Species (CMS),5,10.0,5.0,5.0,0.0,0.0,10.0,10.0,0.0,0.0,0.0,3.333333333333,0.0,10.0,0.0,0.0,6.666666666667,5.0,0.0,0.0,0.0
International Fund for Agricultural Development (IFAD),5,10.0,3.333333333333,3.333333333333,0.0,3.333333333333,6.666666666667,0.0,0.0,0.0,0.0,6.666666666667,0.0,10.0,0.0,10.0,6.666666666667,0.0,0.0,0.0,0.0
International Trade Centre (ITC),8,10.0,5.0,5.0,5.0,5.0,10.0,5.0,5.0,0.0,0.0,3.333333333333,0.0,10.0,2.0,10.0,6.666666666667,2.5,5.0,0.0,0.0
Secretariat of the United Nations Convention to Combat Desertification (UNCCD),5,10.0,5.0,5.0,0.0,0.0,10.0,5.0,0.0,0.0,0.0,3.333333333333,0.0,10.0,0.0,0.0,6.666666666667,2.5,0.0,0.0,0.0
United Nations University (UNU),4,6.666666666667,3.333333333333,0.0,10.0,0.0,0.0,6.666666666667,0.0,0.0,0.0,3.333333333333,0.0,0.0,6.0,0.0,0.0,5.0,0.0,0.0,0.0
Ramsar Convention on Wetlands Secretariat (Ramsar),5,3.333333333333,3.333333333333,0.0,10.0,0.0,3.333333333333,3.333333333333,0.0,0.0,0.0,0.0,0.0,0.0,6.0,0.0,3.333333333333,2.5,0.0,0.0,0.0
Minamata Convention on Mercury (Minamata),4,10.0,5.0,5.0,10.0,0.0,0.0,0.0,0.0,0.0,0.0,3.333333333333,0.0,10.0,4.0,0.0,0.0,0.0,0.0,0.0,0.0
United Nations Office for Outer Space Affairs (UNOOSA),4,10.0,5.0,5.0,0.0,0.0,10.0,0.0,0.0,0.0,0.0,3.333333333333,0.0,10.0,0.0,0.0,6.666666666667,0.0,0.0,0.0,0.0
United Nations Office on Drugs and Crime (UNODC),6,10.0,3.333333333333,3.333333333333,0.0,3.333333333333,6.666666666667,6.666666666667,0.0,0.0,0.0,6.666666666667,0.0,10.0,0.0,10.0,6.666666666667,5.0,0.0,0.0,0.0
