attribute_family,attribute_family_label,category_label,category_slug,tier_weight,example_triggers,schema_status
spatial_jurisdiction,Spatial Jurisdiction,Internal waters,internal_waters,0,,Canonical analysis schema reconstructed from verified family workbooks
spatial_jurisdiction,Spatial Jurisdiction,Coastal Zone,coastal_zone,2,coastal,Canonical analysis schema reconstructed from verified family workbooks
spatial_jurisdiction,Spatial Jurisdiction,Territorial sea (TS),territorial_sea_ts,0,territorial waters,Canonical analysis schema reconstructed from verified family workbooks
spatial_jurisdiction,Spatial Jurisdiction,Contiguous zone (CZ),contiguous_zone_cz,0,,Canonical analysis schema reconstructed from verified family workbooks
spatial_jurisdiction,Spatial Jurisdiction,Exclusive Economic Zone (EEZ),exclusive_economic_zone_eez,0,,Canonical analysis schema reconstructed from verified family workbooks
spatial_jurisdiction,Spatial Jurisdiction,Extended continental shelf (CS),extended_continental_shelf_cs,0,,Canonical analysis schema reconstructed from verified family workbooks
spatial_jurisdiction,Spatial Jurisdiction,The Area,the_area,0,international seabed area | beyond national jurisdiction,Canonical analysis schema reconstructed from verified family workbooks
spatial_jurisdiction,Spatial Jurisdiction,High Seas,high_seas,8,areas beyond national jurisdiction | ABNJ | high seas,Canonical analysis schema reconstructed from verified family workbooks
spatial_jurisdiction,Spatial Jurisdiction,Archipelago,archipelago,3,,Canonical analysis schema reconstructed from verified family workbooks
spatial_jurisdiction,Spatial Jurisdiction,Enclosed or semi-enclosed sea,enclosed_or_semi_enclosed_sea,4,,Canonical analysis schema reconstructed from verified family workbooks
subject_matter_jurisdiction,Subject-Matter Jurisdiction,Environmental Protection & Climate Change,environmental_protection_and_climate_change,0,environment | pollution | climate | marine pollution | environmental | adaptation | emissions | mitigation | Climate | emission,Canonical analysis schema reconstructed from verified family workbooks
subject_matter_jurisdiction,Subject-Matter Jurisdiction,Sustainable Development & Capacity Building,sustainable_development_and_capacity_building,0,capacity development | SDGs | sustainable development | technical assistance | Sustainable Development | capacity building | training | Capacity development,Canonical analysis schema reconstructed from verified family workbooks
subject_matter_jurisdiction,Subject-Matter Jurisdiction,International Cooperation & Governance,international_cooperation_and_governance,0,international cooperation | convention | multilateral | conventions | Conventions | Convention | treaties | Treaty | treaty,Canonical analysis schema reconstructed from verified family workbooks
subject_matter_jurisdiction,Subject-Matter Jurisdiction,"Research, Science & Innovation",research_science_and_innovation,0,observation | data | scientific | research | marine scientific research | innovation | monitoring | science | modelling | Monitoring | Scientific,Canonical analysis schema reconstructed from verified family workbooks
subject_matter_jurisdiction,Subject-Matter Jurisdiction,Biodiversity & Ecosystem Conservation,biodiversity_and_ecosystem_conservation,0,conservation | biodiversity | ecosystems | ecosystem | Habitat | restoration | Conservation | habitats | habitat,Canonical analysis schema reconstructed from verified family workbooks
subject_matter_jurisdiction,Subject-Matter Jurisdiction,"Trade, Investment & Economic Cooperation",trade_investment_and_economic_cooperation,0,shipping | trade | market | investment | trade facilitation | Trade,Canonical analysis schema reconstructed from verified family workbooks
subject_matter_jurisdiction,Subject-Matter Jurisdiction,"Human Rights, Social Justice & Advocacy",human_rights_social_justice_and_advocacy,0,gender | livelihoods | social justice | human rights | Human Rights | Gender,Canonical analysis schema reconstructed from verified family workbooks
subject_matter_jurisdiction,Subject-Matter Jurisdiction,Security & Safety,security_and_safety,0,safety | security | maritime safety | maritime security,Canonical analysis schema reconstructed from verified family workbooks
subject_matter_jurisdiction,Subject-Matter Jurisdiction,Disaster Risk Reduction & Resilience,disaster_risk_reduction_and_resilience,0,resilience | preparedness | disaster risk reduction | Resilience,Canonical analysis schema reconstructed from verified family workbooks
subject_matter_jurisdiction,Subject-Matter Jurisdiction,"Cultural Heritage, Traditional Knowledge & Data Governance",cultural_heritage_traditional_knowledge_and_data_governance,0,traditional knowledge,Canonical analysis schema reconstructed from verified family workbooks
sources_of_jurisdiction,Sources of Jurisdiction or Authority,Foundational Treaties & Charters,foundational_treaties_and_charters,7,constitution | treaties | Constitution | Treaty | treaty | Charter | Treaties | TREATY,Canonical analysis schema reconstructed from verified family workbooks
sources_of_jurisdiction,Sources of Jurisdiction or Authority,Binding Secondary Law,binding_secondary_law,6,regulation | regulations | Regulations | decisions | decision | Decision | Decisions | directives,Canonical analysis schema reconstructed from verified family workbooks
sources_of_jurisdiction,Sources of Jurisdiction or Authority,Non-binding Secondary Law,non_binding_secondary_law,3,Resolution | resolution | Recommendations | Declaration | resolutions | declaration | recommendations | Resolutions | declarations,Canonical analysis schema reconstructed from verified family workbooks
sources_of_jurisdiction,Sources of Jurisdiction or Authority,Technical Norms & Standards,technical_norms_and_standards,0,standards | standard | Standard,Canonical analysis schema reconstructed from verified family workbooks
sources_of_jurisdiction,Sources of Jurisdiction or Authority,Strategic Frameworks,strategic_frameworks,0,framework | frameworks | Framework | action plans | Strategy | strategies | Programme of Action | Strategic Framework,Canonical analysis schema reconstructed from verified family workbooks
sources_of_jurisdiction,Sources of Jurisdiction or Authority,Compliance & Oversight,compliance_and_oversight,0,compliance | monitoring | reporting | Reporting | oversight | Compliance | Compliance Committee,Canonical analysis schema reconstructed from verified family workbooks
sources_of_jurisdiction,Sources of Jurisdiction or Authority,Delegated or Derived Powers,delegated_or_derived_powers,4,delegation,Canonical analysis schema reconstructed from verified family workbooks
sources_of_jurisdiction,Sources of Jurisdiction or Authority,Customary & Soft Law,customary_and_soft_law,0,,Canonical analysis schema reconstructed from verified family workbooks
sources_of_jurisdiction,Sources of Jurisdiction or Authority,Bilateral/Multilateral Arrangements,bilateral_multilateral_arrangements,0,,Canonical analysis schema reconstructed from verified family workbooks
sources_of_jurisdiction,Sources of Jurisdiction or Authority,Other Governance Instruments,other_governance_instruments,0,guidelines,Canonical analysis schema reconstructed from verified family workbooks
defined_objectives,Defined Objectives,Governance & Planning,governance_and_planning,0,governance | mandate | strategic plan | planning,Canonical analysis schema reconstructed from verified family workbooks
defined_objectives,Defined Objectives,Financial Stewardship,financial_stewardship,0,financial | financial management | finance | trust fund | grant,Canonical analysis schema reconstructed from verified family workbooks
defined_objectives,Defined Objectives,Policy & Regulation,policy_and_regulation,0,regulation | law | policy | legal | Law | rules | regulations | normative | Regulations,Canonical analysis schema reconstructed from verified family workbooks
defined_objectives,Defined Objectives,Environmental Action,environmental_action,0,environment | environmental | climate | Climate | adaptation,Canonical analysis schema reconstructed from verified family workbooks
defined_objectives,Defined Objectives,Knowledge & Data,knowledge_and_data,0,research | data | information | monitoring | assessment | observations,Canonical analysis schema reconstructed from verified family workbooks
defined_objectives,Defined Objectives,Innovation & Technology,innovation_and_technology,0,systems | technology | platforms | innovation | tools,Canonical analysis schema reconstructed from verified family workbooks
defined_objectives,Defined Objectives,Inclusion & Rights,inclusion_and_rights,0,participation | Human Rights | human rights | gender | inclusive | Gender | indigenous,Canonical analysis schema reconstructed from verified family workbooks
defined_objectives,Defined Objectives,Partnerships & Networks,partnerships_and_networks,0,coordination | Partnership | partnerships | collaboration | networks,Canonical analysis schema reconstructed from verified family workbooks
defined_objectives,Defined Objectives,Operational Delivery,operational_delivery,0,training | technical assistance | implementation | capacity development | operation | operations,Canonical analysis schema reconstructed from verified family workbooks
defined_objectives,Defined Objectives,Monitoring & Accountability,monitoring_and_accountability,0,reporting | monitoring | indicators | Reporting | accountability,Canonical analysis schema reconstructed from verified family workbooks
strategies,Strategies,Strategic & Institutional Planning,strategic_and_institutional_planning,0,Strategy | roadmap | workplan | strategies | Strategic Plan | strategy | strategic plan | Roadmap | strategic planning | theory of change | results-based management | STRATEGY | Workplan,Canonical analysis schema reconstructed from verified family workbooks
strategies,Strategies,Financial & Budgetary Management,financial_and_budgetary_management,0,budget | Budget | Trust Funds | finance | funding | financial | funds | resource mobilization | Trust Fund | budgeting | grants,Canonical analysis schema reconstructed from verified family workbooks
strategies,Strategies,"Policy, Regulation & Legal Frameworks",policy_regulation_and_legal_frameworks,0,Regulatory | regulatory | law | Law | rules | legal | policy | regulations | Policy | legislation | policy development,Canonical analysis schema reconstructed from verified family workbooks
strategies,Strategies,"Environmental, Climate & Biodiversity Action",environmental_climate_and_biodiversity_action,0,environment | Environment | Pollution | adaptation | mitigation | Environmental | environmental | climate | biodiversity | Climate | Biodiversity,Canonical analysis schema reconstructed from verified family workbooks
strategies,Strategies,"Knowledge, Research & Data Systems",knowledge_research_and_data_systems,0,science | Science | Assessment | data | information | monitoring | Data | observations | assessment | research | Research,Canonical analysis schema reconstructed from verified family workbooks
strategies,Strategies,Innovation & Technology Development,innovation_and_technology_development,0,Innovation | platforms | technology | innovation | digital | systems | tools | model | technology transfer,Canonical analysis schema reconstructed from verified family workbooks
strategies,Strategies,"Inclusion, Rights & Social Justice",inclusion_rights_and_social_justice,0,gender | inclusive | participation | Human Rights | human rights | Gender | indigenous | vulnerable | livelihoods,Canonical analysis schema reconstructed from verified family workbooks
strategies,Strategies,Capacity Development & Operational Delivery,capacity_development_and_operational_delivery,0,Implementation | implementation | field | training | operations | capacity development | capacity building | technical assistance,Canonical analysis schema reconstructed from verified family workbooks
strategies,Strategies,"Collaboration, Partnerships & Networks",collaboration_partnerships_and_networks,0,coordination | collaboration | partnerships | Network | networks | Platform | network | partnership | Partnership | forum | platform,Canonical analysis schema reconstructed from verified family workbooks
strategies,Strategies,"Monitoring, Evaluation & Accountability",monitoring_evaluation_and_accountability,0,indicators | Reporting | monitoring | performance | accountability | reporting | audit | evaluation | Evaluation | Results Framework,Canonical analysis schema reconstructed from verified family workbooks
defined_interinstitutional_relationships,Inter-Institutional Relationships,UN System Collaboration,un_system_collaboration,0,UNESCO | WMO | unesco | United Nations | UNEP | unep | FAO | IMO | fao | imo | UNDP | UN agencies | WHO | UN system | undp | UNICEF | unicef | who | wmo | UN-Women | un-women | UN System,Canonical analysis schema reconstructed from verified family workbooks
defined_interinstitutional_relationships,Inter-Institutional Relationships,Regional Body Coordination,regional_body_coordination,0,regional organizations | African Union | au | OAS | EU | ASEAN | ECOWAS,Canonical analysis schema reconstructed from verified family workbooks
defined_interinstitutional_relationships,Inter-Institutional Relationships,NGO Engagement,ngo_engagement,0,NGOs | non-governmental | international NGOs | NGO,Canonical analysis schema reconstructed from verified family workbooks
defined_interinstitutional_relationships,Inter-Institutional Relationships,Private Sector Partnerships,private_sector_partnerships,0,private sector | Private Sector | Business | business | industry | corporate,Canonical analysis schema reconstructed from verified family workbooks
defined_interinstitutional_relationships,Inter-Institutional Relationships,Scientific Community Linkages,scientific_community_linkages,0,academia | research institutions | University,Canonical analysis schema reconstructed from verified family workbooks
defined_interinstitutional_relationships,Inter-Institutional Relationships,Treaty Body Coordination,treaty_body_coordination,0,Secretariat | secretariat | treaty bodies | Conference of the Parties | COP | cop,Canonical analysis schema reconstructed from verified family workbooks
defined_interinstitutional_relationships,Inter-Institutional Relationships,Donor Partnerships,donor_partnerships,0,GEF | World Bank | gef | donor | trust funds | Trust Fund | IFAD | development partners | ifad | GCF | trust fund | donors,Canonical analysis schema reconstructed from verified family workbooks
defined_interinstitutional_relationships,Inter-Institutional Relationships,Civil Society Engagement,civil_society_engagement,0,civil society,Canonical analysis schema reconstructed from verified family workbooks
defined_interinstitutional_relationships,Inter-Institutional Relationships,Intergovernmental Consultations,intergovernmental_consultations,0,intergovernmental | Intergovernmental | Ministerial,Canonical analysis schema reconstructed from verified family workbooks
defined_interinstitutional_relationships,Inter-Institutional Relationships,Technical or Expert Groups,technical_or_expert_groups,0,Task Force | Scientific and Technical Advisory,Canonical analysis schema reconstructed from verified family workbooks
vertical_coordination,Vertical Coordination,UN to Member States,un_to_member_states,0,Member States | United Nations | UN system | member states | member States | Member states | resident coordinator,Canonical analysis schema reconstructed from verified family workbooks
vertical_coordination,Vertical Coordination,Global–Regional–National Coordination,global_regional_national_coordination,0,,Canonical analysis schema reconstructed from verified family workbooks
vertical_coordination,Vertical Coordination,Intergovernmental to National Institutions,intergovernmental_to_national_institutions,0,,Canonical analysis schema reconstructed from verified family workbooks
vertical_coordination,Vertical Coordination,Technical Assistance to States,technical_assistance_to_states,0,technical cooperation | technical assistance | capacity building | Technical Cooperation | training | technical support | Training | Capacity Building | Technical Support | Technical Assistance | capacity development,Canonical analysis schema reconstructed from verified family workbooks
vertical_coordination,Vertical Coordination,Policy Alignment with National Plans,policy_alignment_with_national_plans,0,,Canonical analysis schema reconstructed from verified family workbooks
vertical_coordination,Vertical Coordination,Regional Implementing Partners,regional_implementing_partners,0,Subregional | sub-regional | regional bodies | subregional,Canonical analysis schema reconstructed from verified family workbooks
vertical_coordination,Vertical Coordination,Reporting & Compliance Mechanisms,reporting_and_compliance_mechanisms,0,Reporting | monitoring | review mechanism | reporting | Compliance | compliance | Monitoring,Canonical analysis schema reconstructed from verified family workbooks
vertical_coordination,Vertical Coordination,Multi-level Planning Structures,multi_level_planning_structures,0,Multilevel governance,Canonical analysis schema reconstructed from verified family workbooks
vertical_coordination,Vertical Coordination,Data Integration Systems,data_integration_systems,0,,Canonical analysis schema reconstructed from verified family workbooks
vertical_coordination,Vertical Coordination,Sectoral-to-National Coordination,sectoral_to_national_coordination,0,,Canonical analysis schema reconstructed from verified family workbooks
horizontal_coordination,Horizontal Coordination,Cross-sectoral Collaboration,cross_sectoral_collaboration,0,intersectoral,Canonical analysis schema reconstructed from verified family workbooks
horizontal_coordination,Horizontal Coordination,Thematic Working Groups,thematic_working_groups,0,,Canonical analysis schema reconstructed from verified family workbooks
horizontal_coordination,Horizontal Coordination,Joint Research and Projects,joint_research_and_projects,0,Joint research,Canonical analysis schema reconstructed from verified family workbooks
horizontal_coordination,Horizontal Coordination,Shared Monitoring Frameworks,shared_monitoring_frameworks,0,,Canonical analysis schema reconstructed from verified family workbooks
horizontal_coordination,Horizontal Coordination,Multi-stakeholder Platforms,multi_stakeholder_platforms,0,stakeholder platforms,Canonical analysis schema reconstructed from verified family workbooks
horizontal_coordination,Horizontal Coordination,Inter-agency Technical Cooperation,inter_agency_technical_cooperation,0,inter-agency cooperation | inter-agency coordination | Interagency Task Force | Inter-Agency Task Force | Inter-Agency Cooperation | Inter-Agency Coordination,Canonical analysis schema reconstructed from verified family workbooks
horizontal_coordination,Horizontal Coordination,Regional Economic Community Coordination,regional_economic_community_coordination,0,EU,Canonical analysis schema reconstructed from verified family workbooks
horizontal_coordination,Horizontal Coordination,Advocacy and Communication,advocacy_and_communication,0,Advocacy | communication | campaigns | awareness | communications | advocacy | campaign | Outreach | outreach | Communication,Canonical analysis schema reconstructed from verified family workbooks
horizontal_coordination,Horizontal Coordination,Cross-border Initiatives,cross_border_initiatives,0,,Canonical analysis schema reconstructed from verified family workbooks
horizontal_coordination,Horizontal Coordination,Peer-to-peer Learning Mechanisms,peer_to_peer_learning_mechanisms,0,peer learning | knowledge exchange,Canonical analysis schema reconstructed from verified family workbooks
